{
    "MAE": 0.008671644042568906,
    "RMSE": 0.011268264102627585,
    "R2": 0.9063869688906244,
    "Best_Params": {
        "hidden": 256,
        "dropout": 0.33797129318462416,
        "v_h": 97.0192939846656,
        "v_d": -0.054383645126721565
    }
}