{
    "MAE": 0.007599227106096248,
    "RMSE": 0.010258281119415662,
    "R2": 0.920549509717351,
    "Best_Params": {
        "hidden": 123,
        "lr": 0.0028996758327278485,
        "dropout": 0.19742139785796298
    }
}