{
    "MAE": 0.0077271907729219965,
    "RMSE": 0.010404885867161501,
    "R2": 0.9201827217463747,
    "Best_Params": {
        "hidden": 256,
        "dropout": 0.05,
        "velocity_h": 82.85837956028105,
        "velocity_d": -0.2225185189355407
    }
}